timestamp_ms,image_path,audio_path,transcript,description
4000.0,./frames/frame_00_4000ms.jpg,./audio/audio_00_4000ms.wav,"If you take all five, you have a perfect bench. First, set up your arch. For bodybuilding, create a slight curve in your upper back.","In this frame, the person is demonstrating the setup for a bench press, specifically focusing on establishing proper body positioning. They are arching their upper back, creating a slight curve to enhance stability and power during the lift. Their feet are positioned flat on the ground to provide a strong base, while their grip on the barbell is secure and aligned with shoulder width. The slight elevation in the chest area indicates preparation for pressing the weight. This position is crucial for effective engagement of the chest muscles while maintaining safety during the exercise."
20666.666666666668,./frames/frame_01_20666ms.jpg,./audio/audio_01_20666ms.wav,"Second, grip. Grab the bar at 1.5 times shoulder width. A wider grip will target more chest. A closer grip will target more trunk.","The person is demonstrating a grip technique for a barbell exercise, specifically recommending a grip that is 1.5 times shoulder width. This wider grip is intended to engage and target the chest muscles more effectively. The individual's arms are extended outward, creating an appropriate angle that promotes proper alignment for chest activation. The positioning of the hands and the width of the grip are crucial for focusing on specific muscle groups during the exercise. Overall, this technique emphasizes the importance of grip width in relation to muscle targeting."
19000.0,./frames/frame_02_19000ms.jpg,./audio/audio_02_19000ms.wav,"back and head are all planted. Second, grip. Grab the bar at 1.5 times shoulder width. The wider grip will target more chest.","The technique being demonstrated involves a bench press position where the person's back and head are firmly planted on the bench. The grip on the barbell is emphasized to be 1.5 times shoulder width, indicating a wider grip than shoulder-width. This grip position is intended to better target the chest muscles during the exercise. The elbows are likely positioned outward in relation to the torso for optimal engagement. Overall, the focus is on maintaining a stable upper body while ensuring a proper grip for an effective chest workout."
6000.0,./frames/frame_03_6000ms.jpg,./audio/audio_03_6000ms.wav,"First, set up your arch. For bodybuilding, create a slight curve in your upper back by tucking your shoulder blades in while popping your shoulders.","The demonstrated technique focuses on establishing a proper arch in the upper back, crucial for effective bodybuilding posture. The individual is tucking their shoulder blades together, which creates a slight curve in the upper back. This action helps to stabilize the spine and improve overall posture during weightlifting. The shoulders are positioned back and slightly elevated, enhancing the engagement of the upper body muscles. The grip or hand positioning specific to this exercise is not shown in the frame, emphasizing the upper back posture technique instead."
4333.333333333333,./frames/frame_04_4333ms.jpg,./audio/audio_04_4333ms.wav,"If you take all five, you have a perfect bench. First, set up your arch. For bodybuilding, create a slight curve in your upper back by tucking in.","The technique being demonstrated is the setup for a bench press, focusing on creating an arch in the upper back. The person should tuck in their shoulder blades to form a slight curve, which helps stabilize the body during the lift. The feet are likely planted firmly on the ground to ensure proper support and power. The grip on the barbell, although not explicitly shown in the frame, should be shoulder-width apart, with wrists straight and elbows positioned slightly below the bar as they prepare for the press. This setup is crucial for maximizing strength and minimizing injury."
14333.333333333334,./frames/frame_05_14333ms.jpg,./audio/audio_05_14333ms.wav,powerlifting a bigger arch can help you move more weight just make sure that your feet glutes upper back and head are all planted second,"The person is demonstrating a powerlifting technique that emphasizes achieving a larger arch in the back while lifting. Their feet are firmly planted on the ground, and their glutes, upper back, and head are all actively engaged and in contact with the lifting surface. This posture is designed to create a stable base for lifting heavier weights. The goal is to maximize leverage and strength by maintaining a tight body alignment throughout the lift. Proper grip technique is also essential, although it is not explicitly visible in this frame."
15333.333333333334,./frames/frame_06_15333ms.jpg,./audio/audio_06_15333ms.wav,"arch can help you move more weight. Just make sure that your feet glutes, upper back and head are all planted. Second grip, grab the bar.","The individual demonstrates a lifting technique emphasizing proper body alignment. Their feet are flat on the ground, and their glutes, upper back, and head are firmly planted, ensuring stability and support during the lift. The person is positioned with a slight arch in their back, creating a strong foundation for movement. They are gripping the barbell with both hands, indicating the initiation of a weightlifting exercise. This setup is crucial for maximizing strength and power while reducing the risk of injury."
34666.666666666664,./frames/frame_07_34666ms.jpg,./audio/audio_07_34666ms.wav,"Fourth, tuck your elbows. Point your elbows slightly in so they move at a roughly 45 degree angle on the negative. Fifth, bend your knees.","The person in the frame is demonstrating a proper upper body exercise technique. Their elbows are tucked in, positioned at a slight inward angle, approximately 45 degrees, which is important for optimal movement mechanics during the exercise. Their knees are bent, indicating a stable base and proper posture for the movement. The grip should be secure but relaxed, facilitating better focus on the contraction of the targeted muscles. This technique emphasizes the importance of elbow positioning and knee engagement for effective execution of the exercise."
32333.333333333336,./frames/frame_08_32333ms.jpg,./audio/audio_08_32333ms.wav,"with locked elbows until your arms are pointed straight up. Fourth, tuck your elbows. Point your elbows slightly in so they move at a roughly 45 degree angle.","The person in the frame is demonstrating a pressing technique, likely for an overhead press or similar exercise. Their arms are extended straight up with locked elbows, indicating the importance of maintaining this position throughout the movement. The elbows are tucked slightly inward, creating a 45-degree angle, which helps engage the shoulder muscles effectively. This position minimizes stress on the shoulder joints and promotes stability. The grip appears to be firm, supporting the proper execution of the exercise."
18666.666666666668,./frames/frame_09_18666ms.jpg,./audio/audio_09_18666ms.wav,"upper back and head are all planted. Second, grip. Grab the bar at 1.5 times shoulder width. The wider grip will target more","The person is demonstrating proper positioning for an upper body exercise, likely a bench press or overhead press. Their upper back and head are firmly pressed against the bench or support, ensuring stability and proper alignment. The grip on the bar is at 1.5 times shoulder width, indicated to target more muscle groups effectively. This wider grip helps engage the upper back and shoulders during the movement. Attention is focused on maintaining the correct body position and grip width to enhance performance and minimize injury risk."
18000.0,./frames/frame_10_18000ms.jpg,./audio/audio_10_18000ms.wav,"glutes, upper back, and head are all planted. Second, grip. Grab the bar at 1.5 times shoulder width.","The technique being demonstrated involves a person in a proper lifting stance for a barbell exercise, likely a deadlift or similar movement. Their glutes, upper back, and head are firmly planted, signaling a strong, stable posture. The grip on the barbell is set at 1.5 times shoulder width, which aids in proper alignment and control during the lift. The individual's body is positioned with a slight bend at the hips and knees, ensuring an optimal angle for the lift. This setup emphasizes maintaining tension through the entire body for effective strength training."
11333.333333333334,./frames/frame_11_11333ms.jpg,./audio/audio_11_11333ms.wav,"your shoulder blades in while puffing your chest up. For powerlifting, a bigger arch can help you move more weight. Just make sure that your feet glue.","The individual in the video is demonstrating proper positioning for a powerlifting technique, specifically focusing on maintaining a strong arch in the back. The shoulders are pulled back and down, which helps to engage the shoulder blades while puffing the chest up. This posture is essential for creating stability and generating power during the lift. The feet are firmly planted and should be described as ""glued"" to the ground to maintain balance and proper alignment. This technique aims to optimize strength and facilitate heavier lifts."
39000.0,./frames/frame_12_39000ms.jpg,./audio/audio_12_39000ms.wav,"45-degree angle on the negative. Fifth, bar path. Move the bar down and slightly forward. Don't bounce the bar.","The person is demonstrating a bench press technique with an emphasis on maintaining a 45-degree angle for the negative phase of the lift. Their grip on the barbell is likely wider than shoulder-width, ensuring a stable lift. The bar path is instructed to be directed down and slightly forward, which is crucial for engaging the proper muscle groups. The individual is positioned on the bench with their feet flat on the ground and back firmly against the bench, minimizing movement. It is emphasized to avoid bouncing the bar off the chest, promoting controlled movement throughout the exercise."
38000.0,./frames/frame_13_38000ms.jpg,./audio/audio_13_38000ms.wav,So they move at a roughly 45 degree angle on the negative fifth bar path move the bar down and slightly forward don't bend,"The exercise technique being demonstrated involves the individual moving their arms at a roughly 45-degree angle while lowering the barbell. The focus is on keeping the bar path on a negative fifth bar trajectory, which suggests a controlled lowering phase. The person's grip on the barbell appears firm, and they are instructed not to bend, indicating a straight alignment of the arms. This technique may be related to exercises like bench presses or overhead presses, emphasizing proper form during the descent. Overall, maintaining a precise angle and controlled movement is crucial for maximizing effectiveness and safety."
45666.666666666664,./frames/frame_14_45666ms.jpg,./audio/audio_14_45666ms.wav,"Instead, make soft contact with your lower chest. From there, press up and slightly back while pushing your feet into the floor.","The person is demonstrating a pressing movement, likely a bench press or push-up variation. They are positioned with their torso slightly declined, aiming for soft contact at the lower chest area. Their feet are firmly planted on the floor, providing stability and leverage. The grip appears neutral, indicating they may be using a barbell or performing a bodyweight push-up. The emphasis is on pressing up and slightly back while engaging the lower chest and maintaining a solid base with the feet."
46333.333333333336,./frames/frame_15_46333ms.jpg,./audio/audio_15_46333ms.wav,"make soft contact with your lower chest. From there, press up and slightly back while pushing your feet into the floor.","The person in the frame is demonstrating the proper technique for a pressing movement, likely a bench press. Their body is positioned on a bench, with their feet firmly planted on the floor for stability. The hands grip the barbell, which is lowered to make soft contact with the lower chest. As they press, the movement involves pressing upward and slightly back, maintaining a controlled path. This technique emphasizes engaging the lower chest while using leg drive for added power during the lift."
32000.0,./frames/frame_16_32000ms.jpg,./audio/audio_16_32000ms.wav,"forward with locked elbows until your arms are pointed straight up. Fourth, tuck your elbows. Point your elbows slightly in so they move at a roughly","The person is demonstrating a pressing movement where their arms are raised straight up overhead with locked elbows. The elbows should be tucked in slightly towards the body, indicating a focus on proper alignment to engage the shoulders effectively. The grip appears to be neutral, maintaining stability throughout the movement. This position emphasizes control and strength, ensuring that the elbows are positioned correctly to prevent strain. The technique aims to keep the arms aligned and functional during the exercise to maximize effectiveness and reduce risk of injury."
30666.666666666668,./frames/frame_17_30666ms.jpg,./audio/audio_17_30666ms.wav,"Press the bar up and then arc it forward with locked elbows until your arms are pointed straight up. Fourth, tuck your elbows. Point your elbows slightly","The person is demonstrating a pressing technique where they press a bar overhead. Their elbows are locked and pointed slightly forward, indicating a stable arm position. The bar is arced forward until their arms are fully extended above their head, creating a vertical alignment with the body. The elbows are tucked in, suggesting a focus on keeping them close to the body for better stability and form. The overall positioning emphasizes proper alignment and control during the overhead press movement."
35000.0,./frames/frame_18_35000ms.jpg,./audio/audio_18_35000ms.wav,"Fourth, tuck your elbows. Point your elbows slightly in so they move at a roughly 45 degree angle on the negative. Fifth, burpees.","The person is demonstrating a push-up technique with a focus on elbow positioning. They are instructed to tuck their elbows, which should point slightly inward at a roughly 45-degree angle relative to their torso during the lowering phase. This adjustment helps maintain proper form and alignment during the movement. The individual's body is straight from head to heels, engaging the core throughout the exercise. The emphasis on elbow angle targets the chest and triceps more effectively."
36666.666666666664,./frames/frame_19_36666ms.jpg,./audio/audio_19_36666ms.wav,Point your elbows slightly in so they move at a roughly 45 degree angle on the negative. 5. Bar Path. Move the bar down and slightly out.,"The person is demonstrating a technique for a barbell exercise, likely a bench press or similar movement. They are instructed to point their elbows slightly inward, positioning them at approximately a 45-degree angle during the negative phase of the lift. The grip on the bar should be firm, with the bar being lowered in a controlled manner. As the bar moves down, it should slightly drift outward from the body. This technique emphasizes maintaining proper elbow alignment and bar path for effective and safe movement."
30333.333333333332,./frames/frame_20_30333ms.jpg,./audio/audio_20_30333ms.wav,"Press the bar up and then arc it forward with locked elbows until your arms are pointed straight up. Fourth, tuck your elbows. Point your elbows straight up.","The person is demonstrating an overhead press technique. Their grip is firm on the bar, with elbows locked and arms extended above the head, forming a straight line. The elbows are also tucked and pointed upward to maintain proper alignment and stability. The emphasis is on smoothly pressing the bar upward while arcing it slightly forward. This position ensures optimal muscle engagement and reduces the risk of injury during the exercise."
49000.0,./frames/frame_21_49000ms.jpg,./audio/audio_21_49000ms.wav,Press up and slightly back while pushing your feet into the floor.,"The technique being demonstrated involves pressing upward and slightly backward while maintaining a strong connection with the floor through the feet. The individual appears to have a bent elbow position, suggesting either a pressing motion such as a push-up or a bench press. Their body is aligned to create a straight line from the shoulders to the feet, indicating proper form for stability. The emphasis on pushing feet into the floor suggests engagement of the core and lower body for strength during the movement. This technique is critical for maximizing power and stability in upper body pressing exercises."
26666.666666666668,./frames/frame_22_26666ms.jpg,./audio/audio_22_26666ms.wav,"grip will target more triceps. Squeeze the bar hard. Third, unrack. Press the bar up and then arc it forward with locked elbows.","The person is demonstrating a barbell press technique, focusing specifically on the grip and triceps engagement. The grip on the barbell is emphasized to be firm, which is intended to target the triceps more effectively. The elbows are locked at the top of the movement, ensuring stability and control. As the barbell is unracked, it is pressed upwards and arced slightly forward. This technique highlights the importance of maintaining a strong grip and proper arm positioning for maximizing power and muscle engagement during the press."
